{"name":"6ec00859-f5ea-4194-a5db-61b65cab5bda","id":"/providers/Microsoft.Flow/flows/6ec00859-f5ea-4194-a5db-61b65cab5bda","type":"Microsoft.Flow/flows","properties":{"apiId":"/providers/Microsoft.PowerApps/apis/shared_logicflows","displayName":"VIP mail notification","definition":{"metadata":{"workflowEntityId":null,"processAdvisorMetadata":null,"flowclientsuspensionreason":"None","flowclientsuspensiontime":null,"creator":{"id":"28356c61-47d3-48c3-b818-caa10e5930a7","type":"User","tenantId":"585ec2b7-9597-405f-af3c-5b857925bb0c"},"provisioningMethod":"FromDefinition","failureAlertSubscription":true,"clientLastModifiedTime":"2021-07-18T20:01:02.9140947Z"},"$schema":"https://schema.management.azure.com/providers/Microsoft.Logic/schemas/2016-06-01/workflowdefinition.json#","contentVersion":"1.0.0.0","parameters":{"$connections":{"defaultValue":{},"type":"Object"},"$authentication":{"defaultValue":{},"type":"SecureObject"}},"triggers":{"When_a_new_email_arrives":{"splitOn":"@triggerBody()?.value","metadata":{"flowSystemMetadata":{"swaggerOperationId":"OnNewEmail"},"Id::AAMkADI3ZWU0NzI5LTQ4NWItNDAyMi1hNGRjLTY2MTZhMzU2YzMzMQAuAAAAAAAMP6M2rfz_SaafdPlEaDk2AQCzb7wYBmzFTbZfXHWGCc5UAAAAAAEMAAA=":"Inbox","Id::AQMkAGMxY2U5MDZlLTYyMgBhLTQxYTQtOGUwNS05YTNiNzk0N2EyZWIALgAAA27k6XzrA79HijHjUh4jUAsBAH37hbCMhalEjZUoB20CJ7IAAAIBCQAAAA==":"Sent Items","Id::AQMkAGMxY2U5MDZlLTYyMgBhLTQxYTQtOGUwNS05YTNiNzk0N2EyZWIALgAAA27k6XzrA79HijHjUh4jUAsBAH37hbCMhalEjZUoB20CJ7IAAAIBDAAAAA==":"Inbox","Id::AAMkADI3ZWU0NzI5LTQ4NWItNDAyMi1hNGRjLTY2MTZhMzU2YzMzMQAuAAAAAAAMP6M2rfz_SaafdPlEaDk2AQCzb7wYBmzFTbZfXHWGCc5UAAAAAAEJAAA=":"Sent Items"},"type":"ApiConnectionNotification","inputs":{"host":{"connection":{"name":"@parameters('$connections')['shared_office365']['connectionId']"},"api":{"runtimeUrl":"https://uk-001.azure-apim.net/apim/office365"}},"fetch":{"queries":{"folderPath":"Id::AAMkADI3ZWU0NzI5LTQ4NWItNDAyMi1hNGRjLTY2MTZhMzU2YzMzMQAuAAAAAAAMP6M2rfz_SaafdPlEaDk2AQCzb7wYBmzFTbZfXHWGCc5UAAAAAAEMAAA=","from":"test@testdomain.com;test2@testdomain2.com;test3@test3domain.com","importance":"Any"},"pathTemplate":{"template":"/Mail/OnNewEmail"},"method":"get"},"subscribe":{"queries":{"folderPath":"Id::AAMkADI3ZWU0NzI5LTQ4NWItNDAyMi1hNGRjLTY2MTZhMzU2YzMzMQAuAAAAAAAMP6M2rfz_SaafdPlEaDk2AQCzb7wYBmzFTbZfXHWGCc5UAAAAAAEMAAA=","importance":"Any"},"body":{"NotificationUrl":"@{listCallbackUrl()}"},"pathTemplate":{"template":"/MailSubscriptionPoke/$subscriptions"},"method":"post"},"authentication":"@parameters('$authentication')"}}},"actions":{"Compose":{"runAfter":{},"type":"Compose","inputs":"@concat('https://outlook.office365.com/mail/inbox/id/',replace(replace(encodeUriComponent(triggerBody()?['ConversationId']),'_','%2B'),'-','%2F'))"},"Send_me_a_mobile_notification":{"runAfter":{"Compose":["Succeeded"]},"metadata":{"flowSystemMetadata":{"swaggerOperationId":"SendNotification"}},"type":"ApiConnection","inputs":{"host":{"connection":{"name":"@parameters('$connections')['shared_flowpush']['connectionId']"},"api":{"runtimeUrl":"https://uk-001.azure-apim.net/apim/flowpush"}},"method":"post","body":{"notificationText":"Email from @{triggerBody()?['From']} about @{triggerBody()?['Subject']}\nMessage:\n@{triggerBody()?['BodyPreview']}","notificationLink":{"uri":"@{outputs('Compose')}","label":"Click to access email"}},"path":"/sendNotification","authentication":"@parameters('$authentication')"}}},"outputs":{}},"connectionReferences":{"shared_flowpush":{"connectionName":"5e40cb08eabd4eafb04dda3fe96477e5","source":"Embedded","id":"/providers/Microsoft.PowerApps/apis/shared_flowpush","tier":"NotSpecified"},"shared_office365":{"connectionName":"14ee998ba8af49b6826fadfc55f921e1","source":"Embedded","id":"/providers/Microsoft.PowerApps/apis/shared_office365","tier":"NotSpecified"}},"flowFailureAlertSubscribed":false}}